strategy,Total_Return,CAGR,Sharpe,Sortino,Max_Drawdown,Calmar,VaR_95,Win_Rate,MDD_Duration,Tail_Ratio,Avg_Daily_Ret,Std_Daily_Ret,N_Days,initial_capital
ML_Full_EW,4.435769760384938,0.3190645673822108,0.8767413851986117,1.2262666046021955,-0.3713794808738833,0.8591335381034739,-0.032685552008211,0.533203125,287.0,1.0720574544295025,0.0013270374364321,0.021209448494482,1536.0,10000.0
ML_Full_CW,5.007340854985733,0.3408136680758018,0.9100335040570202,1.26228361798855,-0.3760906261934408,0.9062009110019816,-0.0325441394472671,0.5384114583333334,287.0,1.0752394209670697,0.0014045310033571,0.021785322630115,1536.0,10000.0
BH_QQQ,1.8174354621221656,0.1846287006362781,0.6453258050024504,0.848496200475694,-0.3511871971603231,0.5257273104747947,-0.0252456779834984,0.5592447916666666,493.0,0.9144452333407312,0.0008006013668503,0.0158653003572132,1536.0,10000.0
BH_MCap10,4.782048194706567,0.3324566454090016,0.8519606557121976,1.2018977078885829,-0.5744939544986739,0.5786947674655976,-0.0394128486689371,0.5462239583333334,567.0,0.9612092514265804,0.0014213293940987,0.0235832952394619,1536.0,10000.0
BH_Full,2.042428182733134,0.1996096717877102,0.6973126951001524,0.9247828935390718,-0.3237744991243546,0.616508317756812,-0.024485012317122,0.560546875,509.0,0.931566550301421,0.000849664909909,0.0157994360382034,1536.0,10000.0
