strategy,N_Rebalances,Avg_Holdings,Avg_N_Sold,Avg_N_Bought,Avg_Turnover_Est,Avg_Cost_Per_Rebalance,Pct_Full_Refresh
ML_Full_EW,148.0,10.0,3.283783783783784,3.3513513513513518,0.4056392065224619,0.0004867670478269,0.0
ML_Full_CW,148.0,10.0,3.283783783783784,3.3513513513513518,0.4643890629678426,0.0005572668755614,0.0
