strategy,Information_Ratio,t_stat_alpha,p_value_alpha,Avg_Annual_Alpha,Tracking_Error_Annual,N_Days,Alpha_Test_Method,bootstrap_bootstrap_mean_alpha_daily,bootstrap_bootstrap_std,bootstrap_bootstrap_p_value,bootstrap_bootstrap_ci_95_lower,bootstrap_bootstrap_ci_95_upper,bootstrap_bootstrap_ci_95_lower_annual,bootstrap_bootstrap_ci_95_upper_annual,bootstrap_observed_mean_alpha_daily,bootstrap_observed_mean_alpha_annual,bootstrap_n_bootstrap,bootstrap_block_size
ML_Full_EW,0.4985089688646684,1.2568168332923932,0.208819969143973,0.0915958096635287,0.1837395420831325,1475,HAC_mean_alpha_maxlags=5,0.0003523171101882,0.0002705835396537,0.0934,-0.0001867541744259,0.0008860509129415,-0.0470620519553339,0.2232848300612801,0.0003634754351727,0.0915958096635287,5000,10
ML_Full_CW,0.6065399311533737,1.534317286071846,0.1249516151567527,0.1168449119313449,0.1926417469483946,1475,HAC_mean_alpha_maxlags=5,0.0004526289175785,0.0002853391684936,0.0568,-0.0001189143415578,0.0010118619941475,-0.0299664140725796,0.2549892225251944,0.0004636702854418,0.1168449119313449,5000,10
