{
  "hac": {
    "ML_Full_EW": {
      "Information_Ratio": 0.7387425063630905,
      "t_stat_alpha": 1.8765966108081018,
      "p_value_alpha": 0.06057340224975724,
      "Avg_Annual_Alpha": 0.13266188953461422,
      "Tracking_Error_Annual": 0.1795779833865566,
      "N_Days": 1536,
      "Alpha_Test_Method": "HAC_mean_alpha_maxlags=5"
    },
    "ML_Full_CW": {
      "Information_Ratio": 0.8075288765672842,
      "t_stat_alpha": 2.0622064265520477,
      "p_value_alpha": 0.03918808713075435,
      "Avg_Annual_Alpha": 0.15219026839971647,
      "Tracking_Error_Annual": 0.18846418105400817,
      "N_Days": 1536,
      "Alpha_Test_Method": "HAC_mean_alpha_maxlags=5"
    }
  },
  "bootstrap": {
    "ML_Full_EW": {
      "bootstrap_mean_alpha_daily": 0.000513785670876813,
      "bootstrap_std": 0.0002580473705995576,
      "bootstrap_p_value": 0.0198,
      "prob_alpha_leq_zero_bootstrap": 0.0198,
      "bootstrap_p_value_two_sided_centered": 0.0448,
      "bootstrap_ci_95_lower": 2.3066829768281984e-05,
      "bootstrap_ci_95_upper": 0.0010358838226358917,
      "bootstrap_ci_95_lower_annual": 0.00581284110160706,
      "bootstrap_ci_95_upper_annual": 0.2610427233042447,
      "observed_mean_alpha_daily": 0.0005264360695818025,
      "observed_mean_alpha_annual": 0.13266188953461422,
      "n_bootstrap": 5000,
      "block_size": 10
    },
    "ML_Full_CW": {
      "bootstrap_mean_alpha_daily": 0.0005914506534387263,
      "bootstrap_std": 0.0002705581981816694,
      "bootstrap_p_value": 0.0154,
      "prob_alpha_leq_zero_bootstrap": 0.0154,
      "bootstrap_p_value_two_sided_centered": 0.0318,
      "bootstrap_ci_95_lower": 6.264450837827721e-05,
      "bootstrap_ci_95_upper": 0.001125643994027489,
      "bootstrap_ci_95_lower_annual": 0.015786416111325856,
      "bootstrap_ci_95_upper_annual": 0.2836622864949272,
      "observed_mean_alpha_daily": 0.0006039296365068114,
      "observed_mean_alpha_annual": 0.15219026839971647,
      "n_bootstrap": 5000,
      "block_size": 10
    }
  }
}