strategy,Information_Ratio,t_stat_alpha,p_value_alpha,Avg_Annual_Alpha,Tracking_Error_Annual,N_Days,Alpha_Test_Method,bootstrap_bootstrap_mean_alpha_daily,bootstrap_bootstrap_std,bootstrap_bootstrap_p_value,bootstrap_bootstrap_ci_95_lower,bootstrap_bootstrap_ci_95_upper,bootstrap_bootstrap_ci_95_lower_annual,bootstrap_bootstrap_ci_95_upper_annual,bootstrap_observed_mean_alpha_daily,bootstrap_observed_mean_alpha_annual,bootstrap_n_bootstrap,bootstrap_block_size
ML_Full_EW,0.4985089688646684,1.2568168332923932,0.20881996914397305,0.09159580966352875,0.18373954208313253,1475,HAC_mean_alpha_maxlags=5,0.0003523171101882227,0.00027058353965376836,0.0934,-0.00018675417442592845,0.0008860509129415878,-0.04706205195533397,0.2232848300612801,0.0003634754351727331,0.09159580966352875,5000,10
ML_Full_CW,0.6065399311533737,1.5343172860718466,0.12495161515675253,0.1168449119313449,0.19264174694839464,1475,HAC_mean_alpha_maxlags=5,0.0004526289175785125,0.00028533916849364115,0.0568,-0.00011891434155785553,0.0010118619941475971,-0.029966414072579595,0.25498922252519446,0.0004636702854418448,0.1168449119313449,5000,10
