,Total_Return,CAGR,Sharpe,Sortino,Max_Drawdown,Calmar,VaR_95,Win_Rate,MDD_Duration,Tail_Ratio,Avg_Daily_Ret,Std_Daily_Ret,N_Days
ML_Full_EW,4.192211931696487,0.30921090475163093,0.8543113917323425,1.1957499632237976,-0.3716861302702744,0.831914025220112,-0.03268555200821109,0.5325520833333334,291.0,1.0720574544295023,0.0012972200319961598,0.021212247438641335,1536.0
ML_Full_CW,4.798389133661765,0.33307187492496526,0.8931452092437729,1.2395425218037783,-0.37632105501885704,0.8850737169310801,-0.03254413944726714,0.537109375,291.0,1.0752394209670697,0.0013815212291630097,0.021788287556425943,1536.0
BH_QQQ,1.8404705635642182,0.1862075467218891,0.6712386684741654,0.8722448335084262,-0.3511871971603232,0.5302230497795797,-0.025639966755646726,0.5616531165311653,473.0,0.9090454331424667,0.0008379469570664692,0.01613603491423706,1476.0
BH_MCap10,5.006932967657997,0.34079877651561863,0.8953413068257443,1.2582606827168714,-0.5753440621378786,0.5923390870660411,-0.04029701957592999,0.5487804878048781,537.0,0.945542928630381,0.0014994000698946106,0.02382485100430377,1476.0
BH_Full,2.0882603072775257,0.20254712845217782,0.7264730119648963,0.9554125067368515,-0.32435879647704957,0.6244539400568078,-0.024596187869233538,0.5623306233062331,489.0,0.9676505182107139,0.000895034555717648,0.016156647158027664,1476.0
