deflated_sharpe,expected_max_sharpe,p_value,is_significant,observed_sharpe,n_trials,n_days,strategy
1.351385809778812,0.3454253003738596,0.08828593850299848,False,0.8909009676077024,3,1536,ML_Full_CW
1.010413905344365,0.48305577994047305,0.15614851426645926,False,0.8909009676077024,5,1536,ML_Full_CW
0.6270803063914676,0.6377852059481401,0.2653032977923817,False,0.8909009676077024,10,1536,ML_Full_CW
0.2998358601473435,0.7698747109376883,0.38215118029192263,False,0.8909009676077024,20,1536,ML_Full_CW
1.2550068315147505,0.3454253003738596,0.10473814000805892,False,0.8520062054358764,3,1536,ML_Full_EW
0.9140401856053365,0.48305577994047305,0.18034786516600898,False,0.8520062054358764,5,1536,ML_Full_EW
0.5307124984865226,0.6377852059481401,0.2978090118197524,False,0.8520062054358764,10,1536,ML_Full_EW
0.20347309906030386,0.7698747109376883,0.4193826348596842,False,0.8520062054358764,20,1536,ML_Full_EW
