Total_Return,CAGR,Sharpe,Sortino,Max_Drawdown,Calmar,VaR_95,Win_Rate,MDD_Duration,Tail_Ratio,Avg_Daily_Ret,Std_Daily_Ret,N_Days,rebalance_days
0.950044186042837,0.11543003872078694,0.3776854297432401,0.49723103349360503,-0.4408342364123098,0.2618445419761497,-0.03281690960236015,0.525390625,321,0.9650248046643728,0.0006586491514195006,0.021141578507660762,1536,5
1.9408873703891603,0.19296755092986295,0.5756584782396083,0.7897628191520533,-0.39894954817898187,0.48368910758432887,-0.03229393200987676,0.529296875,390,1.05866311385861,0.0009300482031766606,0.021355009977024293,1536,10
1.384946854229912,0.1527732387627181,0.4731662529527968,0.6430330428330672,-0.38015877218665994,0.4018669301880679,-0.03359437260828902,0.5358072916666666,297,1.0247877950667632,0.0007984458112768594,0.021565505310317656,1536,15
2.0334110648267627,0.19902739721351526,0.5862080075643981,0.7908546074174998,-0.39010850449999956,0.5101847176303111,-0.03318513893121148,0.5286458333333334,374,1.010722417233586,0.0009593585930279045,0.02176442558919553,1536,21
