Total_Return,CAGR,Sharpe,Sortino,Max_Drawdown,Calmar,VaR_95,Win_Rate,MDD_Duration,Tail_Ratio,Avg_Daily_Ret,Std_Daily_Ret,N_Days,cost_bps
5.397094140712038,0.3546713431396944,0.9399132461794513,1.3027411379604656,-0.3755718411703429,0.9443501995103808,-0.032467801061291005,0.5384114583333334,252,1.0777675269444225,0.0014454803854670574,0.02178437729413,1536,0
5.090458572766022,0.34383071557877876,0.9165404324001153,1.271063689103562,-0.3759464980608438,0.9145735293513297,-0.03251617216208878,0.5384114583333334,287,1.0761642385431147,0.001413500807315036,0.021786016205849957,1536,5
4.798389133661765,0.33307187492496526,0.8931452092437729,1.2395425218037783,-0.37632105501885704,0.8850737169310801,-0.03254413944726714,0.537109375,291,1.07523942096707,0.0013815212291630097,0.021788287556425943,1536,10
4.5202001375299945,0.3223942405807543,0.8697296285873543,1.208099571894616,-0.37669551204438234,0.8558483716226747,-0.03257123263502466,0.53515625,294,1.074345022408594,0.0013495416510109855,0.02179119114809589,1536,15
4.255237883252221,0.3117972358184633,0.8462957461600802,1.1762488684775478,-0.37706986913741936,0.8268951229959769,-0.032934684979110715,0.53515625,295,1.0624890348077032,0.0013175620728589656,0.02179472672816978,1536,20
3.762529917197602,0.29084282733317246,0.7993813127702134,1.112350895524556,-0.3778182835260303,0.7697955340298782,-0.033013107712915955,0.5345052083333334,304,1.0599650890019252,0.0012536029165549193,0.021803692568812382,1536,30
