Total_Return,CAGR,Sharpe,Sortino,Max_Drawdown,Calmar,VaR_95,Win_Rate,MDD_Duration,Tail_Ratio,Avg_Daily_Ret,Std_Daily_Ret,N_Days,rebalance_days
1.9812118557364489,0.1956279316641174,0.5840098890898726,0.7867864307882688,-0.4275640702707768,0.4575406243565462,-0.03171332780735852,0.5338541666666666,321,1.0440732430040107,0.0009360395628125723,0.021212487430892928,1536,5
4.798389133661765,0.33307187492496526,0.8931452092437729,1.2395425218037783,-0.37632105501885704,0.8850737169310801,-0.03254413944726714,0.537109375,291,1.07523942096707,0.0013815212291630097,0.021788287556425943,1536,10
1.8275025359603339,0.1853200299599278,0.5557563276139781,0.7671939558981228,-0.40906798135842903,0.4530299079984672,-0.032655625831670795,0.5377604166666666,308,1.0899443738161811,0.0009065928074960929,0.021449777700426175,1536,15
1.9060173779115375,0.1906423123424772,0.5609205306204068,0.7481970726729069,-0.4042616991640672,0.4715814353343084,-0.03309873004354648,0.5221354166666666,582,1.0527334007243287,0.0009433382967149102,0.022292224224264315,1536,21
