Total_Return,CAGR,Sharpe,Sortino,Max_Drawdown,Calmar,VaR_95,Win_Rate,MDD_Duration,Tail_Ratio,Avg_Daily_Ret,Std_Daily_Ret,N_Days,cost_bps
2.26337024875514,0.2134446982052638,0.6261068219632181,0.8577926469163674,-0.3981071871495412,0.536148818948821,-0.03229393200987676,0.53125,382,1.05866311385861,0.0009977403394377299,0.02135062488828734,1536,0
2.097973553448449,0.2031649791828407,0.6008898139967103,0.823837916431224,-0.39852843989139897,0.5097879068259324,-0.03229393200987676,0.5299479166666666,383,1.05866311385861,0.0009638942713071971,0.021352470822579444,1536,5
1.9408873703891603,0.19296755092986295,0.5756584782396083,0.7897628191520533,-0.39894954817898187,0.48368910758432887,-0.03229393200987676,0.529296875,390,1.05866311385861,0.0009300482031766606,0.021355009977024293,1536,10
1.7916977499778262,0.18285179214662173,0.5504152829585307,0.7556392489329208,-0.3993705120122891,0.45785000806718334,-0.03229393200987676,0.5286458333333334,392,1.05866311385861,0.0008962021350461265,0.02135824210438342,1536,15
1.6500111818074608,0.17281708594817347,0.5251626978810204,0.721613149158108,-0.39979133139132195,0.43226821688891853,-0.03229393200987676,0.5266927083333334,409,1.05866311385861,0.0008623560669155916,0.021362166890113356,1536,20
1.387669402922866,0.15298838566320305,0.47463923732580027,0.6531379065368029,-0.4006325367865615,0.3818671016845249,-0.03229393200987676,0.525390625,421,1.05866311385861,0.0007946639306545211,0.02137209284293655,1536,30
