Total_Return,CAGR,Sharpe,Sortino,Max_Drawdown,Calmar,VaR_95,Win_Rate,MDD_Duration,Tail_Ratio,Avg_Daily_Ret,Std_Daily_Ret,N_Days,top_k
2.3078803457527464,0.21613654229857682,0.5988076206116248,0.8448530978397508,-0.37116530564516237,0.5823188186268827,-0.03788379926999731,0.5234375,591,0.9972075230180569,0.0010748908397139616,0.024369259202747465,1536,3
3.9122411766910883,0.29739451381188364,0.7761139645303283,1.0489231190601966,-0.46913966652440187,0.633914663441521,-0.0354015474958832,0.5384114583333334,346,1.0506590295388603,0.0013200251151454356,0.023815940632003662,1536,5
3.8450770040533104,0.2944762219936363,0.7937719880075137,1.097298313266443,-0.3925930162743093,0.7500801333355415,-0.032194547511037876,0.537109375,302,1.0733092558017785,0.0012791241572249956,0.02246816692214096,1536,8
5.007340854985733,0.3408136680758018,0.9100335040570202,1.26228361798855,-0.3760906261934408,0.9062009110019817,-0.03254413944726715,0.5384114583333334,287,1.0752394209670697,0.001404531003357153,0.02178532263011502,1536,10
2.180529643185931,0.20835189456183523,0.6219134794121676,0.8413533703530157,-0.39335424169753264,0.5296800503858458,-0.03172498326896838,0.5338541666666666,386,1.0385098372920833,0.0009684588889498072,0.020747167744009132,1536,15
1.972374064117468,0.19504745127336975,0.5973658976431456,0.8079220709244156,-0.38718790007996506,0.5037539944638948,-0.031850559861562495,0.5325520833333334,410,0.976989543678453,0.0009099613889123245,0.020045208978884177,1536,20
