Total_Return,CAGR,Sharpe,Sortino,Max_Drawdown,Calmar,VaR_95,Win_Rate,MDD_Duration,Tail_Ratio,Avg_Daily_Ret,Std_Daily_Ret,N_Days,top_k
2.3720929383341405,0.21996704481170815,0.5993736542669909,0.8572055901788516,-0.3944622378886713,0.557637775390275,-0.038496914379073335,0.5234375,605,1.008520298988418,0.0011096904300235786,0.025267918236919918,1536,3
3.644483377508597,0.28555426055665745,0.7517498039782472,1.0168225147792072,-0.4693989693402305,0.6083401950328561,-0.0355646923280995,0.5377604166666666,348,1.0458393733048252,0.0012835297223312522,0.02381714981215443,1536,5
3.639489974350613,0.2853280845715578,0.7737619546621729,1.0704569945226017,-0.39268826400193524,0.7266020167339445,-0.032194547511037876,0.53515625,304,1.0713085505182367,0.0012509248713317726,0.022470672839588254,1536,8
4.798389133661765,0.33307187492496526,0.8931452092437729,1.2395425218037783,-0.37632105501885704,0.8850737169310801,-0.03254413944726714,0.537109375,291,1.07523942096707,0.0013815212291630097,0.021788287556425943,1536,10
2.114795827423721,0.20423120592637956,0.6114703279912965,0.8274121771860472,-0.3935136004635218,0.5189940212633426,-0.03172498326896839,0.533203125,393,1.036397327774632,0.0009549030519174942,0.020749577628238217,1536,15
1.9410903057996025,0.19298101564102055,0.591890851141428,0.8005078193385653,-0.38734515511359235,0.49821461064725897,-0.0318505598615625,0.533203125,410,0.9769895436784529,0.0009030916068654651,0.020046381563578568,1536,20
