model,Total_Return,CAGR,Sharpe,Sortino,Max_Drawdown,Calmar,VaR_95,Win_Rate,MDD_Duration,Tail_Ratio,Avg_Daily_Ret,Std_Daily_Ret,N_Days,N_Rebalances,Avg_Holdings,Avg_N_Sold,Avg_N_Bought,Avg_Turnover_Est,Avg_Cost_Per_Rebalance,Pct_Full_Refresh
LGBM,4.1569513341601585,0.3077524760182462,0.8363183491678884,1.1533103599040602,-0.4146013474109934,0.7422852770258168,-0.034152529050893644,0.5390625,375,0.9746972055277788,0.0013083019595146505,0.02187897084268121,1536,148,9.993243243243244,2.135135135135135,2.2027027027027026,0.4341591591591592,0.0005209909909909909,0.0
LR,2.0355894470293125,0.19916819733404156,0.6067901424618994,0.8402573044638578,-0.3779934922971959,0.5269090642900442,-0.03072568403445969,0.53125,457,1.0226632483987856,0.0009243844516281027,0.02011120884090641,1536,148,10.0,4.29054054054054,4.358108108108108,0.8648648648648649,0.0010378378378378377,0.02702702702702703
RF,2.4545243667046974,0.2247959210162629,0.6861190221405821,0.9228766140465829,-0.3239848263018992,0.6938470655622342,-0.0294957127788589,0.5442708333333334,313,0.9768087605076597,0.0009959373071704825,0.019441451432447666,1536,148,10.0,3.27027027027027,3.3378378378378377,0.6608108108108108,0.0007929729729729729,0.0
